ticker,score,rank
PUMP,0.40029538,1.0
CSTE,0.36056042,2.0
MNOV,0.32945096,3.0
CGEM,0.30025458,4.0
RLMD,0.2998595,5.0
FLWS,0.29865882,6.0
QRHC,0.27779132,7.0
REFR,0.2777194,8.0
GGAL,0.26240107,9.0
KRRO,0.25148296,10.0
YSG,0.24778411,11.0
METCB,0.23273236,12.0
FRGE,0.22324388,13.0
IHRT,0.20596196,14.0
CRNC,0.20519741,15.0
PETS,0.2044903,16.0
INNV,0.1966534,17.0
GRWG,0.16105723,18.0
AIP,0.1539767,19.0
FLUX,0.15207867,20.0
ACVA,0.15191036,21.0
DLTH,0.150775,22.0
CRBP,0.14574467,23.0
CYH,0.14483917,24.0
ARCT,0.14323783,25.0
PRAX,0.13406569,26.0
GDEN,0.13048802,27.0
FOSL,0.12816124,28.0
ULH,0.12701234,29.0
ACDC,0.12577239,30.0
CREX,0.124866806,31.0
DMAC,0.120369405,32.0
BHF,0.119253546,33.0
ARVN,0.11492657,34.0
IBTA,0.11491552,35.0
AHT,0.10929252,36.0
SQNS,0.102708064,37.0
WSC,0.09315723,38.0
CTKB,0.09016928,39.0
PMTS,0.09002058,40.0
CRMT,0.088340536,41.0
ATGE,0.087858684,42.0
OPTU,0.08511281,43.0
ADCT,0.08396583,44.0
FINV,0.08316293,45.0
RDNW,0.08256736,46.0
RIGL,0.07963006,47.0
KRNT,0.07944539,48.0
TYRA,0.0771115,49.0
JACK,0.07645537,50.0
RYAM,0.07626369,51.0
QSI,0.074889414,52.0
LFMD,0.074570805,53.0
PAYS,0.07449428,54.0
NBR,0.07441832,55.0
BFLY,0.07304646,56.0
MOFG,0.07298193,57.0
KLC,0.07290556,58.0
REPL,0.07181597,59.0
NHTC,0.0708822,60.0
OM,0.07080342,61.0
EDAP,0.067853056,62.0
LOVE,0.06665551,63.0
CAL,0.06463215,64.0
ANNX,0.06361591,65.0
FTRE,0.06215581,66.0
FLS,0.06195358,67.0
ACH,0.061018094,68.0
ORN,0.06096804,69.0
RBOT,0.059945084,70.5
TSSI,0.059945084,70.5
RLAY,0.059658896,72.0
GAMB,0.059015736,73.5
EVH,0.059015736,73.5
OMER,0.058890615,75.0
BZAI,0.058333546,76.0
MPAA,0.05822215,77.0
NESR,0.058210526,78.0
NATR,0.05702269,79.0
IMTX,0.056772824,80.0
CDLX,0.056634087,81.0
FOXF,0.05639115,82.0
CSTL,0.056351833,83.0
ALXO,0.05581381,84.0
RPAY,0.05545856,85.0
SANA,0.055207722,86.0
GRPN,0.0543843,87.0
DAWN,0.054238044,88.0
CBZ,0.053170234,89.0
BMEA,0.05299718,90.0
HIVE,0.05292647,91.0
INSG,0.052872892,92.0
ALGT,0.05218472,93.0
ASPI,0.05201282,94.0
GPRO,0.050759353,95.0
LPRO,0.050699696,96.0
IPSC,0.050679784,97.0
ELVN,0.04984199,98.0
LFVN,0.049191773,99.0
MRVI,0.04919019,100.0
CNDT,0.048892062,101.5
ROCK,0.048892062,101.5
PAR,0.048634946,103.5
EOLS,0.048634946,103.5
NPWR,0.0486116,105.5
MERC,0.0486116,105.5
CDZI,0.04836451,107.0
GDYN,0.048013292,108.0
ELME,0.04761895,109.0
PAMT,0.047612455,110.0
IART,0.047141016,111.0
KMPR,0.04678955,112.0
FOLD,0.046489276,113.5
RCUS,0.046489276,113.5
DBI,0.04617022,115.0
CEVA,0.04609753,116.0
KPTI,0.04608075,117.0
LEGN,0.045905754,118.0
CGON,0.045893107,119.0
BHC,0.045667555,120.0
ARES,0.04547109,121.0
KRUS,0.045430146,122.0
HOV,0.04479426,123.0
NOVT,0.04458933,124.0
SDHC,0.044159256,125.0
HY,0.043563668,126.0
CDNA,0.043530922,127.0
CAPR,0.043361954,128.0
PACK,0.043179367,129.0
TRDA,0.04290766,130.5
LFST,0.04290766,130.5
LGIH,0.042719964,132.5
CABO,0.042719964,132.5
AGIO,0.042650983,134.0
CMRC,0.042589452,136.5
GPMT,0.042589452,136.5
CLW,0.042589452,136.5
KNF,0.042589452,136.5
MXL,0.04256709,139.0
EVEX,0.04220564,140.0
HAIN,0.042109355,141.0
DNLI,0.04204878,142.0
CHRS,0.041695498,143.0
EMBC,0.041634906,144.0
AOUT,0.04156823,145.0
EVER,0.04142305,146.0
MXCT,0.04109802,147.0
VLN,0.04104401,148.0
REZI,0.04103082,149.0
ADTN,0.040977556,150.0
PFBC,0.040901545,151.0
REAX,0.040885,152.0
QTRX,0.040402986,153.0
CACC,0.04020316,154.0
ESPR,0.04017912,155.0
QDEL,0.040067088,156.0
PHR,0.04002612,157.5
SSTI,0.04002612,157.5
MNRO,0.039927784,159.0
PRGO,0.039769005,160.0
BYRN,0.039433945,161.0
PBI,0.039426375,162.0
GCO,0.03927108,163.0
BTBT,0.03926042,164.0
FND,0.039127536,165.5
DSGX,0.039127536,165.5
GSHD,0.039033316,167.0
QUIK,0.038867127,168.0
NCMI,0.03833052,169.0
IMOS,0.038068086,170.0
MYGN,0.037311275,171.0
INSP,0.037216008,172.0
HDSN,0.037096623,173.0
DMRC,0.037067644,174.0
CNNE,0.03704053,175.0
RMNI,0.036956493,176.0
JBI,0.036931403,177.0
NRIX,0.036690895,178.0
ALLO,0.03660517,179.0
OXM,0.03648118,180.0
GOTU,0.03642831,181.0
HCAT,0.036072522,182.0
DOUG,0.036037367,183.0
CNS,0.035978116,184.0
CLVT,0.035972033,185.0
CCRN,0.035910506,186.0
FNKO,0.03586378,187.0
RNW,0.035836797,188.5
TTEC,0.035836797,188.5
EWCZ,0.03570789,190.0
STVN,0.035514764,191.0
AVBP,0.035412285,192.0
OFG,0.035398126,193.0
GOGO,0.035317253,194.0
MGNX,0.03517667,195.0
GMED,0.03506494,196.0
OSPN,0.034977917,197.0
SAIC,0.034948483,198.0
MD,0.03492455,199.0
CDXS,0.034919303,200.0
AFCG,0.034683198,201.0
LZM,0.034553405,202.5
ORIC,0.034553405,202.5
MCW,0.034208786,204.5
ASUR,0.034208786,204.5
OLPX,0.034052815,206.0
FIP,0.034030195,207.0
VIR,0.033989187,208.0
CCCC,0.033928823,209.0
NIU,0.033283647,210.0
CLPT,0.033215657,211.0
WBTN,0.032945674,212.0
MQ,0.0326485,213.0
CERT,0.032485444,218.5
KNDI,0.032485444,218.5
PRKS,0.032485444,218.5
ALTG,0.032485444,218.5
ASTL,0.032485444,218.5
BCYC,0.032485444,218.5
DSP,0.032485444,218.5
DH,0.032485444,218.5
ONL,0.032485444,218.5
WEST,0.032485444,218.5
MCS,0.032317404,224.0
JBGS,0.032272477,225.0
BBSI,0.032216,226.5
VYX,0.032216,226.5
SLQT,0.032208443,228.0
ABT,0.03210006,229.0
CLAR,0.032039627,230.0
AURA,0.031979498,231.0
DCBO,0.03185907,232.0
GDRX,0.03180281,233.0
NEOG,0.03177803,234.0
HAE,0.031730346,235.0
OABI,0.0315309,236.0
HELE,0.031498604,237.5
BXC,0.031498604,237.5
GCMG,0.031450707,239.0
BANR,0.03142862,240.0
BWIN,0.031357124,241.5
HRTX,0.031357124,241.5
ICHR,0.031301126,243.0
AOSL,0.031287927,244.0
AESI,0.03084652,245.0
BSET,0.03082484,246.0
OPRT,0.030791173,247.5
GRNQ,0.030791173,247.5
LEN.B,0.030789034,249.0
BOLT,0.030755598,250.0
EGHT,0.030586742,251.0
BOOM,0.030571036,252.0
KYMR,0.030433202,253.0
HEPS,0.030392716,254.0
MLCO,0.030342069,255.0
BRBR,0.030153546,256.5
AMWL,0.030153546,256.5
RMAX,0.030086238,258.0
CSL,0.029862309,259.0
RMR,0.02985709,260.0
ACET,0.029727865,261.5
ZVIA,0.029727865,261.5
AMN,0.029692814,263.0
RRX,0.029564725,264.0
RNAC,0.029462583,265.0
BBW,0.029317005,266.0
FRPH,0.029249057,267.0
BANF,0.029227026,268.0
ASTH,0.02914322,269.0
PRTH,0.028921528,270.0
EAF,0.0289078,271.0
FOR,0.028902799,272.0
BIRD,0.028796481,273.0
LEGH,0.028796246,274.0
ONEW,0.028773319,275.0
IPWR,0.028746076,276.0
NLOP,0.028532028,277.0
DDL,0.028338194,278.0
BFAM,0.028262394,279.5
MDXG,0.028262394,279.5
HLI,0.028092705,281.0
DFIN,0.027868971,282.0
SHEN,0.027662273,283.0
CVLT,0.027562836,284.0
SWBI,0.027387511,285.0
OCUL,0.027341085,286.0
FUBO,0.02729807,287.0
NMFC,0.027059771,288.0
FWRG,0.026991503,289.0
BLND,0.02698175,290.0
IIIV,0.026955623,291.5
DOYU,0.026955623,291.5
GRFS,0.026821453,293.0
UPBD,0.026796792,294.0
RELX,0.026751164,295.0
MBUU,0.026728388,296.0
ATS,0.026707727,297.0
INBX,0.02664001,298.0
ALT,0.026563618,299.0
RBBN,0.026308909,301.0
PLTK,0.026308909,301.0
AIN,0.026308909,301.0
ADNT,0.026288649,303.0
LSPD,0.026235377,304.5
WAY,0.026235377,304.5
SVV,0.026204294,306.0
ABEO,0.02609173,307.0
AVAH,0.026074754,308.0
RGP,0.02601419,309.5
INGN,0.02601419,309.5
IIIN,0.026001077,311.5
AVNW,0.026001077,311.5
AIRG,0.025930315,313.0
KW,0.025841076,314.0
PCOR,0.025751442,315.0
RYAN,0.025748892,316.0
OPAL,0.025727382,317.0
GOCO,0.025709838,318.0
NAVI,0.025629587,319.0
JJSF,0.025616286,320.0
AMSF,0.025568876,321.0
GOLD,0.025417699,322.0
KRT,0.025392013,323.0
KIDS,0.025376499,324.0
DCTH,0.025354363,325.5
VCEL,0.025354363,325.5
FBIN,0.02527392,327.0
CXT,0.025254644,328.0
KBR,0.025167625,329.0
INTA,0.025038019,330.5
NX,0.025038019,330.5
ILPT,0.024993135,332.0
GNE,0.024885744,333.0
CUZ,0.02488561,334.0
YEXT,0.02488556,335.0
HLNE,0.024842637,336.0
JYNT,0.02483288,337.0
AGYS,0.024812782,338.0
CG,0.02473423,339.0
SRI,0.024726903,340.0
FCBC,0.024724202,341.0
OSG,0.024675315,342.5
MTRX,0.024675315,342.5
NXDR,0.024664627,344.0
TRC,0.024654908,345.0
ARDT,0.024413865,346.0
CRBG,0.024348944,347.0
PRAA,0.024300875,348.0
BOW,0.02419138,349.0
CHDN,0.02413457,350.0
BCC,0.024105608,351.0
OZK,0.024090098,352.0
GWRS,0.02408651,353.0
VVV,0.024064371,354.0
TWFG,0.024011191,355.0
DEI,0.023979234,356.0
CLB,0.023850363,357.0
HSAI,0.023833,358.0
EXFY,0.023816437,365.5
ALKT,0.023816437,365.5
FORR,0.023816437,365.5
OSUR,0.023816437,365.5
ANGI,0.023816437,365.5
GPK,0.023816437,365.5
KOSS,0.023816437,365.5
KELYA,0.023816437,365.5
CLFD,0.023816437,365.5
NGVC,0.023816437,365.5
CRTO,0.023816437,365.5
CNMD,0.023816437,365.5
S,0.023816437,365.5
CARS,0.023816437,365.5
FHTX,0.023656216,373.0
CNTA,0.023559242,374.0
XOMA,0.023520047,375.0
ETD,0.023459041,376.0
IMMR,0.023404425,377.0
BNED,0.023364527,378.0
EDIT,0.02324762,379.0
CHH,0.023227632,380.0
PEGA,0.02322162,381.5
HGV,0.02322162,381.5
INGR,0.023181468,383.0
CVGW,0.023083067,384.0
PAY,0.023036534,385.0
OLP,0.023015972,386.5
BCSF,0.023015972,386.5
TNC,0.022945546,388.0
BWMN,0.022873705,389.0
RSKD,0.022861727,390.0
CLOV,0.022853803,391.0
GTES,0.022833664,392.0
MBC,0.022803841,393.0
DRVN,0.022748677,394.0
FSV,0.022662457,395.0
OLED,0.022526449,400.5
APPF,0.022526449,400.5
KOP,0.022526449,400.5
ZTS,0.022526449,400.5
BLKB,0.022526449,400.5
INN,0.022526449,400.5
BMI,0.022526449,400.5
BOC,0.022526449,400.5
YELP,0.022526449,400.5
RAMP,0.022526449,400.5
CGBD,0.022473434,406.0
JILL,0.022365667,407.0
DAO,0.022294004,408.0
GPRE,0.022086073,409.0
CRCT,0.022042513,410.5
ALG,0.022042513,410.5
CENTA,0.021930464,412.0
NABL,0.021917732,413.0
ODD,0.021859478,414.0
PAM,0.02177717,415.0
CCI,0.021726603,416.5
IDT,0.021726603,416.5
JAMF,0.021701496,418.0
CMTG,0.021675041,419.0
OC,0.02166757,425.5
PX,0.02166757,425.5
RHI,0.02166757,425.5
EPC,0.02166757,425.5
EPM,0.02166757,425.5
IPAR,0.02166757,425.5
ESRT,0.02166757,425.5
LBRDK,0.02166757,425.5
MED,0.02166757,425.5
NSIT,0.02166757,425.5
COLM,0.02166757,425.5
CCC,0.02166757,425.5
BLZE,0.021601649,432.0
MGRC,0.021571903,433.5
KAI,0.021571903,433.5
EHC,0.021304304,435.0
ALGS,0.02129336,436.0
LWAY,0.021208715,437.0
NCDL,0.021206446,438.0
MNY,0.02115953,439.0
FDUS,0.021119842,440.0
VHI,0.021058854,441.0
EXP,0.0209342,442.0
NXDT,0.020866817,443.0
FIZZ,0.020854523,444.5
GNTX,0.020854523,444.5
ABCL,0.020790296,446.5
CRBU,0.020790296,446.5
BZ,0.020752683,448.0
STXS,0.020666542,449.0
RARE,0.020498231,450.0
RWAY,0.020495005,451.0
EU,0.020484846,452.0
CBT,0.02039668,453.0
NAGE,0.020341191,455.0
OSW,0.020341191,455.0
AMPL,0.020341191,455.0
CIM,0.02011728,457.0
APOG,0.020104308,459.0
KRO,0.020104308,459.0
CINT,0.020104308,459.0
FATE,0.020037472,461.0
CENT,0.01992193,462.0
DXPE,0.01981313,463.0
BAER,0.01977725,464.5
JBIO,0.01977725,464.5
PBH,0.01977494,466.0
GRNT,0.019768866,467.0
AMTX,0.019704998,468.0
FSUN,0.019575544,469.0
PFGC,0.019517692,470.0
MCRI,0.019371213,471.0
CRNT,0.019279137,472.0
FRHC,0.01917155,473.0
MCBS,0.019146735,474.0
MFIC,0.019132802,475.0
FARM,0.019131348,476.0
KSPI,0.018967384,477.0
EVLV,0.01894993,478.0
HNRG,0.018927788,479.0
MTH,0.018911421,480.0
TRAK,0.018909987,481.5
PAYO,0.018909987,481.5
AAT,0.018831179,483.0
DDI,0.01881432,484.0
OLMA,0.018746015,485.0
EEFT,0.018717844,486.0
GOOD,0.018525219,487.0
NEU,0.01851682,488.0
EQH,0.018492494,489.0
GIB,0.018484809,490.0
GLAD,0.0184287,491.0
HNST,0.018410869,492.0
AUTL,0.018375205,493.0
OS,0.018348418,494.0
NOA,0.018270578,495.0
ORMP,0.018256422,496.0
CERS,0.018234145,497.0
DEC,0.018217009,498.0
CBSH,0.018120177,499.0
GBDC,0.018116368,500.0
SLVM,0.018077737,501.0
AKBA,0.018049672,502.0
BAM,0.018000873,503.0
DNA,0.017993234,504.0
CIGI,0.01794521,505.0
PRI,0.017937623,506.0
MLKN,0.017918332,507.0
PJT,0.017822687,508.0
BV,0.017785251,509.0
NN,0.017757239,510.0
PAG,0.017735412,511.0
ABX,0.017728724,512.0
ALTO,0.017663196,513.0
GWRE,0.017583609,514.0
ATNI,0.017524555,515.0
ARQ,0.017516326,516.0
BB,0.01750134,517.0
VRTS,0.017489148,518.0
UNF,0.017287575,519.0
UMH,0.017234078,520.0
ORGO,0.017233454,521.0
PLMR,0.017134074,522.0
MSEX,0.017101623,523.0
AMWD,0.017056165,524.0
HESM,0.017040242,525.5
RSVR,0.017040242,525.5
ICFI,0.017036324,527.0
DSGR,0.01698059,528.0
ATEX,0.016876759,529.5
CLMB,0.016876759,529.5
CRESY,0.016875312,531.0
RICK,0.016815104,532.5
GHI,0.016815104,532.5
VICI,0.016731335,534.0
PFLT,0.016723897,535.0
CRVL,0.01663027,536.5
MNR,0.01663027,536.5
IPI,0.016629066,539.0
NOAH,0.016629066,539.0
PCRX,0.016629066,539.0
FG,0.01656823,541.0
MGEE,0.016556306,542.0
OXSQ,0.016544482,543.0
DJCO,0.01647799,544.0
CNXN,0.016457796,545.0
MLAB,0.01642922,546.0
AGRO,0.016425215,547.0
BZH,0.016343225,548.5
KTB,0.016343225,548.5
SNY,0.016239962,550.0
RPM,0.016156085,551.0
FLOC,0.016128032,552.0
LIF,0.016111765,553.0
ALTI,0.016015315,554.0
OTEX,0.016005004,555.0
BAND,0.015941279,556.0
MORN,0.015870735,557.0
COFS,0.015866613,558.0
GPI,0.015830327,560.0
FFIN,0.015830327,560.0
RACE,0.015830327,560.0
CBNK,0.01582594,562.0
BATRK,0.015798742,564.0
FWONK,0.015798742,564.0
BATRA,0.015798742,564.0
EVGO,0.015780859,566.0
INBK,0.015566334,567.5
KNTK,0.015566334,567.5
BOOT,0.015524669,569.0
KRC,0.015496522,570.0
MGTX,0.015454918,571.0
MKSI,0.0154210925,572.0
ARW,0.015408748,573.0
TENB,0.015262008,574.0
CVRX,0.015235651,575.0
NEWT,0.015231245,576.0
EFXT,0.015131421,577.0
ANIK,0.0151283555,578.0
TPG,0.015117868,579.0
JBLU,0.01511351,580.5
GBTG,0.01511351,580.5
POST,0.015112646,582.0
MATV,0.015063683,583.0
FCPT,0.015034018,584.0
AIV,0.0148989055,585.0
BSY,0.014897729,586.5
ALC,0.014897729,586.5
FWONA,0.014884682,588.0
GFL,0.014854984,589.0
EIG,0.014767147,590.0
DMLP,0.0147377,591.0
KREF,0.01456522,592.0
QLYS,0.01443363,593.0
BCAX,0.014422104,594.0
SYBT,0.014413795,595.0
BGC,0.014369328,596.0
MMSI,0.014276345,598.0
OPK,0.014276345,598.0
ABM,0.014276345,598.0
NOK,0.014196162,600.5
DNN,0.014196162,600.5
NSA,0.014074221,602.0
ATEN,0.014052985,603.0
MANH,0.01403885,604.0
HUYA,0.01395943,605.0
NL,0.0139122745,606.0
BL,0.013792411,607.0
LZB,0.013790037,608.0
ETON,0.013770246,609.0
PLAB,0.013726688,610.0
SABR,0.013671435,611.0
MATX,0.013616186,613.0
EGBN,0.013616186,613.0
MEOH,0.013616186,613.0
ABG,0.013506409,615.0
ALEX,0.013417416,616.0
ASIX,0.013326947,617.0
LOCO,0.013313305,618.0
FN,0.013248395,619.0
LPX,0.013207815,620.5
JAKK,0.013207815,620.5
RGNX,0.013154666,622.5
MAMA,0.013154666,622.5
RSI,0.013132787,624.5
ORI,0.013132787,624.5
MLR,0.01307887,626.0
BRW,0.013041161,627.0
LKFN,0.013005158,628.0
KALV,0.012917935,629.0
HWKN,0.01290216,630.0
ITRI,0.012899397,631.0
SLP,0.012757306,632.5
PRTA,0.012757306,632.5
IRT,0.012749972,634.0
RDWR,0.012712473,635.0
UTL,0.012499966,636.0
LAZ,0.012403087,637.0
AIOT,0.01236224,638.0
UNM,0.012351662,639.0
SLRC,0.012333361,640.0
ROG,0.012273987,641.0
HSTM,0.012140147,642.5
ATHM,0.012140147,642.5
CGNT,0.012091089,644.5
MIDD,0.012091089,644.5
ARCB,0.012063632,646.0
MRTN,0.012028141,647.5
LMNR,0.012028141,647.5
HLLY,0.011944428,649.0
MUSA,0.011917828,650.0
CVLG,0.011894399,651.0
FRA,0.011781059,652.0
FTDR,0.011758234,653.0
DSGN,0.01173802,654.0
GRBK,0.01170243,655.0
CCS,0.01150336,656.0
EE,0.011467318,657.0
CMPX,0.011461043,658.5
AXIA,0.011461043,658.5
ODC,0.011409041,660.0
ICLR,0.01136245,661.0
CMPR,0.011347101,662.0
MAX,0.011304325,663.0
COHU,0.011183639,664.0
BDTX,0.011158658,665.0
ACCO,0.011058948,666.0
IMXI,0.010947617,667.0
LOGI,0.01092771,668.0
MBIN,0.010773645,669.0
AMTB,0.010706703,670.0
BFS,0.010677272,671.0
NRIM,0.01061182,672.0
LQDT,0.010557827,673.0
ADEA,0.010522548,674.0
MATW,0.010504201,675.0
FC,0.010503571,676.0
BRT,0.010466924,677.0
CGNX,0.010413627,678.0
UNTY,0.010401084,679.0
KRP,0.010247577,680.0
CWST,0.0102423895,681.0
BIO,0.010213371,682.0
AWR,0.010180613,683.0
SAIA,0.009992424,684.0
CCSI,0.009918712,685.5
ACTG,0.009918712,685.5
ARHS,0.0097100865,687.0
NNDM,0.009698948,688.5
GKOS,0.009698948,688.5
SYY,0.0094604995,690.0
LMAT,0.009346145,691.0
GIII,0.009333465,692.5
MC,0.009333465,692.5
GFF,0.009279404,694.0
LAND,0.009266818,695.0
ADUS,0.009213584,696.5
OVV,0.009213584,696.5
ERII,0.009165322,698.0
AKR,0.009119181,699.0
OXLC,0.009072355,700.0
IQ,0.008929904,701.0
PRME,0.008793331,702.0
BURL,0.008762245,703.0
CRMD,0.0086547425,704.0
ACRE,0.008611167,705.0
MSBI,0.008609213,706.0
REFI,0.008517424,707.0
ATLC,0.008498965,708.0
GSBC,0.008476559,709.0
OFLX,0.008354705,710.0
RHP,0.008346686,711.0
EBS,0.008124889,712.0
MSM,0.008097246,713.0
RDY,0.008062324,714.0
REI,0.00801979,715.5
CMCO,0.00801979,715.5
GLNG,0.007943777,717.0
VLGEA,0.0077853682,718.0
RRC,0.007769843,719.0
HRMY,0.007760529,720.0
OOMA,0.0075915228,721.0
OGE,0.007559425,722.0
RSSS,0.0072147073,723.0
SUI,0.0072016106,724.0
PRCH,0.0071816146,725.0
BCIC,0.0071412856,726.0
PSNL,0.007139358,727.0
DOX,0.007073769,728.0
CTO,0.006960019,729.0
OII,0.006930057,730.0
NVST,0.006925495,731.0
IOSP,0.006924926,732.0
NFG,0.0068773744,733.0
BJRI,0.0067357174,734.0
KGS,0.006729802,736.0
RNGR,0.006729802,736.0
HTLD,0.006729802,736.0
HLMN,0.006676174,738.0
GEOS,0.0066734264,739.0
DORM,0.0066676545,740.0
IMCR,0.0066640098,741.0
PNFP,0.0066102594,742.0
CRC,0.00660906,743.0
IAC,0.006577345,744.0
MCFT,0.006467654,745.0
LOPE,0.0062477225,746.0
MTW,0.006220021,747.0
UE,0.0061701005,748.5
CHT,0.0061701005,748.5
HOFT,0.0061207972,753.5
USPH,0.0061207972,753.5
NVEC,0.0061207972,753.5
HRI,0.0061207972,753.5
CWAN,0.0061207972,753.5
DIOD,0.0061207972,753.5
WERN,0.0061207972,753.5
PRSU,0.0061207972,753.5
IMAX,0.0061097867,758.0
PATH,0.005981298,759.0
PRK,0.0058668857,760.0
PHM,0.0058598965,761.0
EPRT,0.0058508795,762.5
HOMB,0.0058508795,762.5
OSBC,0.0058289766,764.5
PIPR,0.0058289766,764.5
ARDX,0.0057940986,766.0
ENTG,0.0057531456,767.0
SCL,0.0057501807,768.0
EXLS,0.005709602,769.0
OPY,0.005657673,770.0
CTS,0.0056510866,772.0
FLYW,0.0056510866,772.0
SEM,0.0056510866,772.0
GRVY,0.0056507117,774.0
PEB,0.005531992,775.5
WK,0.005531992,775.5
CTLP,0.005488052,777.0
HZO,0.0053019016,778.0
MEI,0.005261918,782.5
NKTX,0.005261918,782.5
ARKO,0.005261918,782.5
CLNE,0.005261918,782.5
MTLS,0.005261918,782.5
LYTS,0.005261918,782.5
AMPH,0.005261918,782.5
PWP,0.005261918,782.5
AVT,0.005225668,787.0
RQI,0.005166778,788.0
APAM,0.005154648,789.0
CARG,0.0050797113,790.5
INGM,0.0050797113,790.5
EGAN,0.004995767,792.5
LXRX,0.004995767,792.5
HTB,0.0049743922,794.0
REXR,0.0049389657,795.0
VRE,0.0049182875,796.0
BFH,0.0047521135,797.0
FBRT,0.0045205196,798.0
GEL,0.0044495254,799.0
AMCX,0.0043434375,800.0
AMAL,0.004297256,801.5
KNX,0.004297256,801.5
EHTH,0.004258941,803.0
ACIW,0.0042450116,804.0
AVO,0.0040892083,805.0
STEP,0.0040567317,806.0
AVIR,0.0039831945,807.0
STRA,0.003971929,810.0
HLIT,0.003971929,810.0
SITE,0.003971929,810.0
ICUI,0.003971929,810.0
EPAC,0.003971929,810.0
AHH,0.003939438,813.0
EGP,0.0038424484,814.5
FR,0.0038424484,814.5
PDFS,0.0038087112,816.0
PLXS,0.003718737,817.0
DOMO,0.0037055132,818.0
IPGP,0.00368825,819.5
BLFS,0.00368825,819.5
INVA,0.0036359732,821.0
MTRN,0.0035888194,823.0
CTRN,0.0035888194,823.0
MBI,0.0035888194,823.0
AGCO,0.0035616374,825.0
CQP,0.0034676867,826.0
MRX,0.0033928684,827.0
AHCO,0.003338928,828.0
BBDC,0.0033303436,831.0
NTRSO,0.0033303436,831.0
VRIG,0.0033303436,831.0
PFH,0.0033303436,831.0
AGO,0.0033303436,831.0
RLJ,0.0032382552,834.0
AVNT,0.0031130498,837.0
AVNS,0.0031130498,837.0
TRN,0.0031130498,837.0
REPX,0.0031130498,837.0
GBX,0.0031130498,837.0
MHO,0.0030994453,840.0
RGR,0.0029215603,841.0
FBK,0.0029064014,842.0
DAR,0.0028219263,843.0
GLPI,0.002695962,844.0
CION,0.0025972573,845.0
CYRX,0.0024891985,846.0
BACQ,0.002469245,847.0
UVV,0.0022832074,848.0
REYN,0.0022410941,849.0
HEI.A,0.0022356908,850.0
SLQD,0.0022338268,851.0
OSIS,0.0022311453,852.0
FRME,0.0021350218,853.0
BVS,0.0020626814,854.5
GERN,0.0020626814,854.5
TTC,0.0020233179,856.0
ENZL,0.0020217183,857.0
ANIP,0.002000842,860.0
WS,0.002000842,860.0
IRTC,0.002000842,860.0
EVR,0.002000842,860.0
SENEA,0.002000842,860.0
EBF,0.0019531073,863.0
LLYVK,0.0019273057,865.5
AS,0.0019273057,865.5
LLYVA,0.0019273057,865.5
CHEF,0.0019273057,865.5
FTCS,0.0018866062,868.5
AIT,0.0018866062,868.5
BLTE,0.0018373794,870.0
MGY,0.001794518,871.0
LAMR,0.0016435017,872.0
IBOC,0.0015421006,873.5
RBCAA,0.0015421006,873.5
ASC,0.0015393839,875.5
THRM,0.0015393839,875.5
JMIA,0.0014083056,877.0
CON,0.00136741,878.0
PKST,0.0013510921,879.0
ULS,0.0013369812,880.0
ASLE,0.0013311825,881.0
CWT,0.001305283,882.0
PTF,0.0012913685,883.0
GMRE,0.0012792612,884.0
DRLL,0.0012787643,885.0
NATL,0.0011910304,886.5
ADAM,0.0011910304,886.5
KLIC,0.0010144921,889.0
MNKD,0.0010144921,889.0
VVX,0.0010144921,889.0
VIGI,0.00092520035,891.0
AGM,0.0008951084,892.0
ARTNA,0.0008927952,893.0
PRDO,0.000815749,894.0
LADR,0.00079008826,897.5
PHO,0.00079008826,897.5
PGJ,0.00079008826,897.5
VTC,0.00079008826,897.5
MTB.PRJ,0.00079008826,897.5
AGNCN,0.00079008826,897.5
BBUC,0.00075745693,901.0
KZR,0.0007112234,902.0
MTX,0.0007050123,903.5
CCAP,0.0007050123,903.5
RJF,0.0006454612,905.0
EEX,0.0005695411,906.0
DGICA,0.000556729,907.0
CRD.A,0.00031503043,908.0
BLFY,0.00020946859,909.0
PRA,0.00020424646,910.0
CNI,0.0001903623,911.0
MKL,0.00017793811,912.0
TCX,0.00010166917,913.0
BRSL,3.938148e-05,914.0
DNTH,-1.1063271e-05,915.0
FCN,-4.83777e-05,916.0
HFWA,-0.00016193665,920.5
FSTR,-0.00016193665,920.5
VAL,-0.00016193665,920.5
PRVA,-0.00016193665,920.5
MITK,-0.00016193665,920.5
AUB,-0.00016193665,920.5
DCOM,-0.00016193665,920.5
LOB,-0.00016193665,920.5
CDP,-0.0001962331,925.0
PAGP,-0.00020998355,926.5
ELS,-0.00020998355,926.5
MAC,-0.0002808514,928.0
CURB,-0.00035124234,929.0
HAYW,-0.00040504138,930.5
RM,-0.00040504138,930.5
NJR,-0.00041818473,932.0
PAHC,-0.0004521034,933.0
EQBK,-0.00060840714,934.0
RRR,-0.0007817727,935.0
NBHC,-0.0007949428,936.0
PBR.A,-0.0008414728,937.0
FUL,-0.00089561177,938.5
EQNR,-0.00089561177,938.5
SKT,-0.0010102254,940.0
CPF,-0.0010325111,941.0
PETZ,-0.0011444389,942.0
LAKE,-0.001144703,943.0
ROIV,-0.001174938,944.0
NTST,-0.0012008268,945.0
BCPC,-0.0012374218,946.0
CLDX,-0.0012584551,955.0
HBNC,-0.0012584551,955.0
KN,-0.0012584551,955.0
MPX,-0.0012584551,955.0
OCFC,-0.0012584551,955.0
CTBI,-0.0012584551,955.0
CTOS,-0.0012584551,955.0
RUSHB,-0.0012584551,955.0
DRH,-0.0012584551,955.0
ITT,-0.0012584551,955.0
RLX,-0.0012584551,955.0
LILA,-0.0012584551,955.0
NBN,-0.0012584551,955.0
CRAI,-0.0012584551,955.0
VEL,-0.0012584551,955.0
CAC,-0.0012584551,955.0
OPCH,-0.0012584551,955.0
DCO,-0.0013167473,965.5
GIC,-0.0013167473,965.5
RDVT,-0.0013167473,965.5
CCB,-0.0013167473,965.5
AVA,-0.001328666,968.0
KWR,-0.001376486,969.0
PFIS,-0.0014024796,970.0
IGIC,-0.0014043569,971.0
HALO,-0.0014092425,972.0
IBP,-0.00156024,973.0
CHCT,-0.001599781,974.0
HIPO,-0.0016351865,976.5
PDLB,-0.0016351865,976.5
LFCR,-0.0016351865,976.5
AZZ,-0.0016351865,976.5
AFYA,-0.0017275348,979.5
SON,-0.0017275348,979.5
FV,-0.0017761919,981.0
ALSN,-0.0018103577,982.0
LEA,-0.001821224,983.0
DMXF,-0.0018736427,984.0
NFBK,-0.0018989317,985.0
RDN,-0.0019027311,986.0
DGRS,-0.001911304,990.5
CAPL,-0.001911304,990.5
TPYP,-0.001911304,990.5
BRX,-0.001911304,990.5
SOJD,-0.001911304,990.5
COMT,-0.001911304,990.5
IJT,-0.001911304,990.5
PECO,-0.001911304,990.5
RNST,-0.0019851176,996.0
EFSC,-0.0019851176,996.0
FNF,-0.0019851176,996.0
NMIH,-0.0019921304,998.0
CASH,-0.0020106372,999.0
POWW,-0.002025319,1000.0
PCYO,-0.0020328013,1001.0
AWI,-0.0021066351,1002.0
RGEN,-0.0022298996,1003.0
CDRE,-0.002286967,1004.0
NWE,-0.002395176,1005.0
PB,-0.0024044279,1006.0
BWLP,-0.00246093,1009.5
HGTY,-0.00246093,1009.5
NPO,-0.00246093,1009.5
ROAD,-0.00246093,1009.5
JBTM,-0.00246093,1009.5
MTUS,-0.00246093,1009.5
HUBG,-0.0025969092,1013.0
CVBF,-0.002646377,1014.0
ABSI,-0.0026857879,1015.0
CELC,-0.002724432,1016.0
HVT,-0.0027453336,1017.5
PDS,-0.0027453336,1017.5
LEO,-0.0027818787,1020.0
HR,-0.0027818787,1020.0
BNL,-0.0027818787,1020.0
BC,-0.0028219405,1022.0
GABC,-0.002855692,1023.0
IUSG,-0.0028727106,1025.5
QVAL,-0.0028727106,1025.5
VSDA,-0.0028727106,1025.5
BBN,-0.0028727106,1025.5
ECPG,-0.0029144366,1028.0
FTXO,-0.0030078227,1038.0
IMCV,-0.0030078227,1038.0
QYLG,-0.0030078227,1038.0
NHI,-0.0030078227,1038.0
BGR,-0.0030078227,1038.0
BIP,-0.0030078227,1038.0
CNA,-0.0030078227,1038.0
DKL,-0.0030078227,1038.0
PBA,-0.0030078227,1038.0
FNX,-0.0030078227,1038.0
GATX,-0.0030078227,1038.0
PRFZ,-0.0030078227,1038.0
HNDL,-0.0030078227,1038.0
GPIX,-0.0030078227,1038.0
HLN,-0.0030078227,1038.0
SUSL,-0.0030078227,1038.0
WTM,-0.0030078227,1038.0
BST,-0.0030078227,1038.0
CLM,-0.0030078227,1038.0
GLRE,-0.003081636,1048.5
FMNB,-0.003081636,1048.5
ITRN,-0.0030883998,1050.5
AD,-0.0030883998,1050.5
AXTA,-0.0030929004,1052.5
LSTR,-0.0030929004,1052.5
PLUS,-0.0031403806,1054.5
RDNT,-0.0031403806,1054.5
RYI,-0.0031986726,1056.0
BHRB,-0.0032099253,1057.0
OTTR,-0.0032971662,1058.0
SBSI,-0.0033044626,1059.0
MCHB,-0.0033143435,1068.0
OSK,-0.0033143435,1068.0
LINC,-0.0033143435,1068.0
OMAB,-0.0033143435,1068.0
GDOT,-0.0033143435,1068.0
KB,-0.0033143435,1068.0
DBD,-0.0033143435,1068.0
THFF,-0.0033143435,1068.0
AMBP,-0.0033143435,1068.0
CNX,-0.0033143435,1068.0
CIG,-0.0033143435,1068.0
ACAD,-0.0033143435,1068.0
SNN,-0.0033143435,1068.0
ALNY,-0.0033143435,1068.0
NIC,-0.0033143435,1068.0
ATAT,-0.0033143435,1068.0
ASTE,-0.0033143435,1068.0
PNTG,-0.0033264179,1077.0
ATRC,-0.0033611734,1078.5
WTI,-0.0033611734,1078.5
NWBI,-0.003428856,1080.5
WABC,-0.003428856,1080.5
PDM,-0.0035033487,1082.0
FFBC,-0.0035769846,1083.0
APGE,-0.003681203,1084.0
KROS,-0.003685357,1085.5
RCKY,-0.003685357,1085.5
ESI,-0.0037230188,1087.0
CVCO,-0.0038507227,1088.0
MDU,-0.0039218827,1089.0
FERG,-0.0039648945,1090.0
LFUS,-0.003966124,1091.5
ACA,-0.003966124,1091.5
SARO,-0.0039897827,1093.0
BPOP,-0.004055097,1094.0
NUS,-0.0040812073,1095.0
FELE,-0.004105748,1096.0
BEP,-0.004107559,1097.0
ENSG,-0.004142328,1098.0
LBTYK,-0.0041739875,1099.0
BCAL,-0.004210297,1100.0
AN,-0.0042994306,1101.0
BWMX,-0.0043256017,1102.0
OUT,-0.004342855,1103.0
WSFS,-0.0045253746,1104.5
SPFI,-0.0045253746,1104.5
SFST,-0.004575914,1106.0
INFU,-0.0045935935,1107.0
SMRT,-0.004608443,1108.0
BMO,-0.004763318,1109.0
CTRI,-0.004801221,1110.0
BFST,-0.0048084753,1111.5
JHG,-0.0048084753,1111.5
GAP,-0.0048195375,1118.5
MOV,-0.0048195375,1118.5
WINA,-0.0048195375,1118.5
NSSC,-0.0048195375,1118.5
DLX,-0.0048195375,1118.5
ALLT,-0.0048195375,1118.5
TECK,-0.0048195375,1118.5
AXL,-0.0048195375,1118.5
TBBB,-0.0048195375,1118.5
OMCL,-0.0048195375,1118.5
NOV,-0.0048195375,1118.5
GLDD,-0.0048195375,1118.5
NVX,-0.004834874,1125.0
DGII,-0.0048778295,1127.0
IDYA,-0.0048778295,1127.0
PRLB,-0.0048778295,1127.0
QQQJ,-0.0049285977,1129.0
AL,-0.004949356,1130.0
NPKI,-0.004970325,1131.0
SAFT,-0.004982065,1132.5
NVGS,-0.004982065,1132.5
GSM,-0.00502046,1134.0
CARE,-0.005032884,1135.0
UTMD,-0.0050415113,1136.5
NBTB,-0.0050415113,1136.5
ORRF,-0.005052361,1138.0
AOD,-0.00506371,1142.5
FTS,-0.00506371,1142.5
IDA,-0.00506371,1142.5
NWN,-0.00506371,1142.5
DAC,-0.00506371,1142.5
KBWB,-0.00506371,1142.5
MFC,-0.00506371,1142.5
HMN,-0.00506371,1142.5
BRSP,-0.005122807,1147.0
CCK,-0.0051375236,1148.0
NVT,-0.005196269,1150.5
GIL,-0.005196269,1150.5
PBT,-0.005196269,1150.5
GRDN,-0.005196269,1150.5
SRCE,-0.005202266,1153.5
ESNT,-0.005202266,1153.5
FAF,-0.005278305,1155.0
HOPE,-0.0053547807,1156.0
BLDP,-0.005369891,1157.0
ESQ,-0.005371244,1158.0
AROW,-0.0054293275,1160.5
ECVT,-0.0054293275,1160.5
MCB,-0.0054293275,1160.5
CRH,-0.0054293275,1160.5
CBU,-0.005525445,1164.0
LBTYA,-0.005525445,1164.0
NECB,-0.005525445,1164.0
CAE,-0.0056371596,1166.0
APG,-0.005892555,1167.0
EBC,-0.0059309374,1168.0
NTB,-0.005932041,1169.0
GNK,-0.0060079005,1170.0
BLD,-0.0060220114,1173.0
NWPX,-0.0060220114,1173.0
AMRC,-0.0060220114,1173.0
KRYS,-0.0060220114,1173.0
KALU,-0.0060220114,1173.0
NRC,-0.0060453797,1176.0
FULT,-0.0061372607,1177.5
CLBK,-0.0061372607,1177.5
EWBC,-0.0061488794,1180.0
ALRS,-0.0061488794,1180.0
BSRR,-0.0061488794,1180.0
CADE,-0.0062455325,1182.0
NBBK,-0.0062490804,1183.0
WASH,-0.0062941746,1184.0
CMPS,-0.006296381,1185.0
GVA,-0.0063252817,1186.0
MBWM,-0.0063748234,1187.0
MPB,-0.006380365,1188.0
RCI,-0.0064424756,1189.0
HWC,-0.006475185,1192.5
GEF,-0.006475185,1192.5
BIPC,-0.006475185,1192.5
FNB,-0.006475185,1192.5
QTEC,-0.006475185,1192.5
CZNC,-0.006475185,1192.5
CMP,-0.0065135797,1196.0
GSL,-0.006536814,1197.5
LAUR,-0.006536814,1197.5
QCRH,-0.0066441274,1199.0
FCFS,-0.006649481,1200.0
IMO,-0.0068643647,1201.5
AEG,-0.0068643647,1201.5
PATK,-0.006875425,1228.5
KMT,-0.006875425,1228.5
JAZZ,-0.006875425,1228.5
JOE,-0.006875425,1228.5
LCII,-0.006875425,1228.5
NHC,-0.006875425,1228.5
NGVT,-0.006875425,1228.5
AMRX,-0.006875425,1228.5
ASND,-0.006875425,1228.5
ANDE,-0.006875425,1228.5
JOYY,-0.006875425,1228.5
LIVN,-0.006875425,1228.5
IRON,-0.006875425,1228.5
NAMS,-0.006875425,1228.5
NMRK,-0.006875425,1228.5
BTE,-0.006875425,1228.5
SD,-0.006875425,1228.5
CPA,-0.006875425,1228.5
CRON,-0.006875425,1228.5
SB,-0.006875425,1228.5
HLIO,-0.006875425,1228.5
HCSG,-0.006875425,1228.5
CMC,-0.006875425,1228.5
FSBC,-0.006875425,1228.5
SEE,-0.006875425,1228.5
COLL,-0.006875425,1228.5
COMP,-0.006875425,1228.5
CRUS,-0.006875425,1228.5
GHM,-0.006875425,1228.5
PSMT,-0.006875425,1228.5
PTCT,-0.006875425,1228.5
INVX,-0.006875425,1228.5
CAAP,-0.006875425,1228.5
PRIM,-0.006875425,1228.5
HTBK,-0.006875425,1228.5
HG,-0.006875425,1228.5
NVMI,-0.006875425,1228.5
ABUS,-0.006875425,1228.5
DOO,-0.006875425,1228.5
FLGT,-0.006875425,1228.5
CUBI,-0.006875425,1228.5
CSGS,-0.006875425,1228.5
EHAB,-0.006875425,1228.5
EZPW,-0.006875425,1228.5
MYRG,-0.006875425,1228.5
NAT,-0.006875425,1228.5
MSGE,-0.006875425,1228.5
FFIC,-0.006875425,1228.5
DK,-0.006875425,1228.5
NUVL,-0.006875425,1228.5
OIS,-0.006875425,1228.5
NTCT,-0.006875425,1228.5
TMP,-0.007007835,1255.0
PTH,-0.007043583,1256.0
GEVO,-0.007110188,1257.0
HSBC,-0.0071523865,1258.0
FIHL,-0.0071786945,1259.0
KRNY,-0.0071981126,1260.0
RYTM,-0.0072221924,1261.0
ACIC,-0.0072267666,1265.5
FHB,-0.0072267666,1265.5
ONB,-0.0072267666,1265.5
PEBO,-0.0072267666,1265.5
PHG,-0.0072267666,1265.5
WSR,-0.0072267666,1265.5
IBCP,-0.0072267666,1265.5
CASS,-0.0072267666,1265.5
UVSP,-0.007233779,1270.0
RBA,-0.007258155,1271.5
ACT,-0.007258155,1271.5
ASR,-0.0073565356,1273.0
ESE,-0.0073682773,1274.0
FIBK,-0.007424056,1276.0
ERIC,-0.007424056,1276.0
BKU,-0.007424056,1276.0
PARR,-0.0074248007,1278.0
CATY,-0.007469871,1279.5
IHG,-0.007469871,1279.5
REVG,-0.0075932057,1281.0
CTRE,-0.007780301,1282.0
E,-0.007871132,1283.0
BKH,-0.007880021,1284.0
ATMU,-0.007986824,1285.0
AMX,-0.008006245,1286.0
TDS,-0.00809734,1287.5
HTO,-0.00809734,1287.5
MIRM,-0.00821597,1290.5
BTSG,-0.00821597,1290.5
LGND,-0.00821597,1290.5
PLPC,-0.00821597,1290.5
MITT,-0.008290434,1293.0
RNR,-0.008323285,1302.5
FCF,-0.008323285,1302.5
TCBK,-0.008323285,1302.5
OBK,-0.008323285,1302.5
FMBH,-0.008323285,1302.5
RBB,-0.008323285,1302.5
SMBK,-0.008323285,1302.5
COLB,-0.008323285,1302.5
STBA,-0.008323285,1302.5
BY,-0.008323285,1302.5
WSBC,-0.008323285,1302.5
ASB,-0.008323285,1302.5
PFS,-0.008323285,1302.5
SNX,-0.008323285,1302.5
PDP,-0.008323285,1302.5
IMKTA,-0.008323285,1302.5
BUSE,-0.008323285,1302.5
CCNE,-0.008323285,1302.5
JOUT,-0.008393501,1312.5
MOG.A,-0.008393501,1312.5
ABCB,-0.008531075,1314.0
PLYM,-0.008557459,1315.5
WSBF,-0.008557459,1315.5
SIXG,-0.008579905,1317.0
APEI,-0.008709069,1318.0
PAX,-0.008841651,1319.0
HBT,-0.009063724,1320.0
FER,-0.009253705,1321.0
CNOB,-0.009289668,1322.5
TCBI,-0.009289668,1322.5
DY,-0.009290154,1324.0
LECO,-0.009423441,1325.0
CMTL,-0.009423702,1326.0
IRMD,-0.009545724,1327.0
PSCT,-0.009566541,1328.0
AIRJ,-0.009695442,1329.0
MGA,-0.009806614,1330.0
CWEN.A,-0.009806899,1331.0
IX,-0.009895286,1332.0
BLX,-0.009921875,1333.5
AXS,-0.009921875,1333.5
GTX,-0.009929861,1335.0
FHI,-0.009974746,1336.0
HIFS,-0.010074661,1338.0
ECG,-0.010074661,1338.0
MTSI,-0.010074661,1338.0
CM,-0.010121228,1341.0
MLI,-0.010121228,1341.0
RY,-0.010121228,1341.0
TRMK,-0.01015323,1343.0
CWBC,-0.010276854,1344.0
CCBG,-0.010379174,1346.5
INDB,-0.010379174,1346.5
FHN,-0.010379174,1346.5
FDP,-0.010379174,1346.5
REX,-0.010399138,1349.0
CCU,-0.01043827,1351.0
BOKF,-0.01043827,1351.0
MMS,-0.01043827,1351.0
AX,-0.010454523,1353.0
FBNC,-0.010680467,1354.0
DB,-0.010775362,1355.0
ITUB,-0.010783274,1356.5
IDCC,-0.010783274,1356.5
BCO,-0.010858709,1358.0
HTH,-0.010902448,1359.0
DHIL,-0.011223966,1360.0
FMX,-0.011300638,1361.0
SHG,-0.011743666,1362.5
RYAAY,-0.011743666,1362.5
NNI,-0.011769973,1364.5
GOLF,-0.011769973,1364.5
ING,-0.01201055,1366.0
ARGX,-0.01203686,1367.0
BWB,-0.012059232,1368.0
RBC,-0.012315674,1369.0
MSGS,-0.012494159,1370.0
ALDX,-0.012498857,1371.0
ELAN,-0.013098777,1373.0
AAMI,-0.013098777,1373.0
BBD,-0.013098777,1373.0
BFC,-0.013148738,1376.5
WTS,-0.013148738,1376.5
CFFN,-0.013148738,1376.5
ACNB,-0.013148738,1376.5
TARS,-0.013358364,1379.0
GLPG,-0.013398102,1380.0
CBL,-0.01341148,1381.0
KOF,-0.013415623,1382.0
GRC,-0.013584565,1383.0
MEDP,-0.013632706,1384.0
NWG,-0.01385865,1387.0
BCH,-0.01385865,1387.0
MYE,-0.01385865,1387.0
ORA,-0.01385865,1387.0
BSAC,-0.01385865,1387.0
CLMT,-0.013884957,1391.5
HQH,-0.013884957,1391.5
HAFC,-0.013884957,1391.5
GHC,-0.013884957,1391.5
EYPT,-0.014070873,1394.0
NMM,-0.014241548,1395.0
WF,-0.014310967,1396.0
CWCO,-0.015109879,1397.0
ABEV,-0.015148334,1398.5
AER,-0.015148334,1398.5
BHP,-0.015263722,1401.0
DCI,-0.015263722,1401.0
RTO,-0.015263722,1401.0
LYG,-0.015477141,1403.0
LWLG,-0.01569078,1404.0
GHRS,-0.0158896,1405.0
IFS,-0.016827492,1408.5
MFG,-0.016827492,1408.5
ENIC,-0.016827492,1408.5
RIO,-0.016827492,1408.5
PAC,-0.016827492,1408.5
CMA,-0.016827492,1408.5
AEHR,-0.016845219,1412.0
ERAS,-0.016983416,1413.0
FTI,-0.017184084,1414.5
TX,-0.017184084,1414.5
EVC,-0.018583158,1416.0
LE,-0.018660087,1417.0
FIGS,-0.018879266,1418.0
KOD,-0.019074146,1419.0
MT,-0.01909805,1420.0
CEPU,-0.019645616,1421.0
AEIS,-0.019732678,1422.0
LDI,-0.020056715,1423.0
FULC,-0.0206457,1424.0
BW,-0.021210881,1425.0
BIOA,-0.021366924,1426.0
ESTA,-0.022331543,1427.0
PRM,-0.023884691,1428.0
NRGV,-0.023981033,1429.0
SANM,-0.02487858,1430.5
CPS,-0.02487858,1430.5
EB,-0.026410848,1432.0
PBYI,-0.029218405,1433.0
HLF,-0.029588696,1434.0
ARWR,-0.033204205,1435.0
CLLS,-0.036392506,1436.0
ADPT,-0.038347647,1437.0
BBVA,-0.057989806,1438.0
RVMD,-0.058114234,1439.0
MGIC,-0.05845671,1440.0
CECO,-0.05856124,1441.0
ALNT,-0.060635444,1442.5
PTGX,-0.060635444,1442.5
DHC,-0.06122149,1444.0
AVTX,-0.06306714,1445.0
OSS,-0.064890556,1446.0
VISN,-0.065995984,1447.0
ERO,-0.066150576,1448.0
CIB,-0.066748746,1449.0
BELFB,-0.06743401,1450.0
LTM,-0.06779093,1451.0
EYE,-0.06797157,1452.0
STOK,-0.06934908,1453.0
IONS,-0.06939438,1455.0
OR,-0.06939438,1455.0
KNSA,-0.06939438,1455.0
MTA,-0.070173204,1457.0
SAN,-0.07026962,1458.0
PHAT,-0.07241523,1459.0
FET,-0.07313961,1460.0
CYD,-0.07341701,1461.0
OPRX,-0.0768622,1462.0
AVDL,-0.07697178,1463.0
ELPC,-0.07800974,1464.0
ENTA,-0.08021558,1465.0
DFTX,-0.08117418,1466.0
ORKA,-0.081953004,1467.0
ATRO,-0.08397154,1468.0
IMNM,-0.08424054,1469.0
HRTG,-0.08515233,1470.0
ABVX,-0.087448545,1471.0
EOSE,-0.08919369,1472.0
ANAB,-0.09219657,1473.0
MBX,-0.09301753,1474.0
NUVB,-0.10195442,1475.0
CTMX,-0.108043976,1476.0
AEVA,-0.10931774,1477.0
AMLX,-0.10977344,1478.0
RPID,-0.11142497,1479.0
MASS,-0.11181472,1480.0
AMPX,-0.11417801,1481.0
BVN,-0.11979693,1482.0
BKD,-0.123040736,1483.5
FSM,-0.123040736,1483.5
NG,-0.12659551,1485.0
SA,-0.13157675,1486.0
APPS,-0.13178451,1487.0
ATAI,-0.1320675,1488.0
ORLA,-0.13650641,1489.0
ASA,-0.13726547,1490.0
LYEL,-0.13807411,1491.0
EXK,-0.1506882,1492.0
EGO,-0.15377162,1493.5
CGAU,-0.15377162,1493.5
COGT,-0.21758981,1495.0
PRLD,-0.21842703,1496.0
ALMS,-0.23883201,1497.0
CRVS,-0.33057016,1498.0
